{
    "name": "permission_viewer",
    "title": "Permission Viewer",
    "description": "<p>Quickly see which entities (Journal entries, Actors, etc..) are visible to all players or visible to a specific player.</p><p>Also allows to share journal entries when showing them or show them only to players who have permission to view it.</p>",
    "version": "0.3",
    "author": "KaKaRoTo",
    "scripts": ["./permission_viewer.js"],
    "styles": ["./permission_viewer.css"],
    "packs": [],
    "url": "https://github.com/kakaroto/fvtt-module-permission-viewer",
    "manifest": "https://raw.githubusercontent.com/kakaroto/fvtt-module-permission-viewer/master/permission_viewer/module.json",
    "download": "https://github.com/kakaroto/fvtt-module-permission-viewer/raw/master/permission_viewer.zip",
    "minimumCoreVersion": "0.3.9"
}
